{"path":"slimeJump.png","spriteNumber":2,"spriteSizeX":64,"spriteSizeY":64,"sprites":[{"SpritePosX":0,"SpritePosY":0,"SpriteSizeX":64,"SpriteSizeY":64,"BodyPosX":0,"BodyPosY":0,"BodySizeX":64,"BodySizeY":64,"rectangles":[{"type":"defenseBody","posX":25.937490463256836,"posY":25.468740463256836,"sizeX":30.468737,"sizeY":35.624985},{"type":"defenseBody","posX":11.406245231628418,"posY":40.78123474121094,"sizeX":13.906245,"sizeY":20.156242}]},{"SpritePosX":64,"SpritePosY":0,"SpriteSizeX":64,"SpriteSizeY":64,"BodyPosX":0,"BodyPosY":0,"BodySizeX":64,"BodySizeY":64,"rectangles":[{"type":"defenseBody","posX":25.93749237060547,"posY":25.468740463256836,"sizeX":30.468737,"sizeY":35.624985},{"type":"defenseBody","posX":11.406242370605469,"posY":40.78123474121094,"sizeX":13.906245,"sizeY":20.156242}]}]}